http://laws-lois.justice.gc.ca/eng/acts/A-1/index.html,Access to Information Act
http://laws-lois.justice.gc.ca/eng/acts/A-1.5/index.html,Administrative Tribunals Support Service of Canada Act
http://laws-lois.justice.gc.ca/eng/acts/C-49/index.html,Advance Payments for Crops Act [Repealed]
http://laws-lois.justice.gc.ca/eng/acts/A-2/index.html,Aeronautics Act
http://laws-lois.justice.gc.ca/eng/acts/A-2.4/index.html,Agreement on Internal Trade Implementation Act
http://laws-lois.justice.gc.ca/eng/acts/Z-02/index.html,Agreements and Conventions
http://laws-lois.justice.gc.ca/eng/acts/A-3/index.html,Agricultural and Rural Development Act (ARDA)
http://laws-lois.justice.gc.ca/eng/acts/A-3.7/index.html,Agricultural Marketing Programs Act
http://laws-lois.justice.gc.ca/eng/acts/A-5/index.html,Agricultural Products Cooperative Marketing Act [Repealed]
http://laws-lois.justice.gc.ca/eng/acts/A-6/index.html,Agricultural Products Marketing Act
http://laws-lois.justice.gc.ca/eng/acts/A-8.8/index.html,Agriculture and Agri-Food Administrative Monetary Penalties Act
http://laws-lois.justice.gc.ca/eng/acts/A-10.1/index.html,Air Canada Public Participation Act
http://laws-lois.justice.gc.ca/eng/acts/A-10.5/index.html,Air Travellers Security Charge Act
http://laws-lois.justice.gc.ca/eng/acts/A-10.4/index.html,Airport Transfer (Miscellaneous Matters) Act
http://laws-lois.justice.gc.ca/eng/acts/A-10.6/index.html,Alberta Natural Resources Act
http://laws-lois.justice.gc.ca/eng/acts/A-10.7/index.html,Alternative Fuels Act
http://laws-lois.justice.gc.ca/eng/acts/A-11.2/index.html,Animal Pedigree Act
http://laws-lois.justice.gc.ca/eng/acts/A-11.4/index.html,Annulment of Marriages Act (Ontario)
http://laws-lois.justice.gc.ca/eng/acts/A-11.44/index.html,Antarctic Environmental Protection Act
http://laws-lois.justice.gc.ca/eng/acts/A-11.5/index.html,Anti-Personnel Mines Convention Implementation Act
http://laws-lois.justice.gc.ca/eng/acts/A-11.7/index.html,Anti-terrorism Act
http://laws-lois.justice.gc.ca/eng/acts/A-11.9/index.html,Apprentice Loans Act
http://laws-lois.justice.gc.ca/eng/acts/Z-01/index.html,Appropriation Acts
http://laws-lois.justice.gc.ca/eng/acts/A-12/index.html,Arctic Waters Pollution Prevention Act
http://laws-lois.justice.gc.ca/eng/acts/A-13/index.html,Asia-Pacific Foundation of Canada Act
http://laws-lois.justice.gc.ca/eng/acts/A-13.4/index.html,Assisted Human Reproduction Act
http://laws-lois.justice.gc.ca/eng/acts/A-13.7/index.html,Atlantic Canada Opportunities Agency Act
http://laws-lois.justice.gc.ca/eng/acts/A-14/index.html,Atlantic Fisheries Restructuring Act
http://laws-lois.justice.gc.ca/eng/acts/A-17/index.html,Auditor General Act
http://laws-lois.justice.gc.ca/eng/acts/A-17.5/index.html,Authority of the Federal District Commission to have acquired certain lands An Act to confirm the
http://laws-lois.justice.gc.ca/eng/acts/A-18.5/index.html,Aviation Industry Indemnity Act
http://laws-lois.justice.gc.ca/eng/acts/B-1.01/index.html,Bank Act
http://laws-lois.justice.gc.ca/eng/acts/B-1.5/index.html,Bank for International Settlements (Immunity) Act
http://laws-lois.justice.gc.ca/eng/acts/B-1.7/index.html,Bank of British Columbia Business Continuation Act
http://laws-lois.justice.gc.ca/eng/acts/B-2/index.html,Bank of Canada Act
http://laws-lois.justice.gc.ca/eng/acts/B-3/index.html,Bankruptcy and Insolvency Act
http://laws-lois.justice.gc.ca/eng/acts/B-3.4/index.html,Beechwood Power Project Act
http://laws-lois.justice.gc.ca/eng/acts/B-3.6/index.html,Bell Canada Act
http://laws-lois.justice.gc.ca/eng/acts/B-4/index.html,Bills of Exchange Act
http://laws-lois.justice.gc.ca/eng/acts/B-5/index.html,Bills of Lading Act
http://laws-lois.justice.gc.ca/eng/acts/B-5.3/index.html,Biological and Toxin Weapons Convention Implementation Act
http://laws-lois.justice.gc.ca/eng/acts/B-5.5/index.html,Blue Water Bridge Authority Act [Repealed]
http://laws-lois.justice.gc.ca/eng/acts/B-6/index.html,Boards of Trade Act
http://laws-lois.justice.gc.ca/eng/acts/B-6.4/index.html,Boucherville Islands Bridge and Tunnel Act
http://laws-lois.justice.gc.ca/eng/acts/B-7/index.html,Bretton Woods and Related Agreements Act
http://laws-lois.justice.gc.ca/eng/acts/B-8.05/index.html,Bridge To Strengthen Trade Act
http://laws-lois.justice.gc.ca/eng/acts/B-8/index.html,Bridges Act
http://laws-lois.justice.gc.ca/eng/acts/B-8.2/index.html,British Columbia Grain Handling Operations Act
http://laws-lois.justice.gc.ca/eng/acts/B-8.3/index.html,British Columbia Indian Cut-off Lands Settlement Act
http://laws-lois.justice.gc.ca/eng/acts/T-10.2/index.html,British Columbia Indian Lands Settlement Act The
http://laws-lois.justice.gc.ca/eng/acts/B-8.4/index.html,British Columbia Indian Reserves Mineral Resources Act
http://laws-lois.justice.gc.ca/eng/acts/B-8.5/index.html,British Columbia Treaty Commission Act
http://laws-lois.justice.gc.ca/eng/acts/B-9.01/index.html,Broadcasting Act
http://laws-lois.justice.gc.ca/eng/acts/B-9.6/index.html,Budget and Economic Statement Implementation Act 2007
http://laws-lois.justice.gc.ca/eng/acts/B-9.8/index.html,Budget Implementation Act 1995
http://laws-lois.justice.gc.ca/eng/acts/B-9.81/index.html,Budget Implementation Act 1997
http://laws-lois.justice.gc.ca/eng/acts/B-9.82/index.html,Budget Implementation Act 1998
http://laws-lois.justice.gc.ca/eng/acts/B-9.83/index.html,Budget Implementation Act 1999
http://laws-lois.justice.gc.ca/eng/acts/B-9.84/index.html,Budget Implementation Act 2000
http://laws-lois.justice.gc.ca/eng/acts/B-9.85/index.html,Budget Implementation Act 2001
http://laws-lois.justice.gc.ca/eng/acts/B-9.851/index.html,Budget Implementation Act 2003
http://laws-lois.justice.gc.ca/eng/acts/B-9.852/index.html,Budget Implementation Act 2004
http://laws-lois.justice.gc.ca/eng/acts/B-9.853/index.html,Budget Implementation Act 2004 No. 2
http://laws-lois.justice.gc.ca/eng/acts/B-9.854/index.html,Budget Implementation Act 2005
http://laws-lois.justice.gc.ca/eng/acts/B-9.855/index.html,Budget Implementation Act 2006
http://laws-lois.justice.gc.ca/eng/acts/B-9.856/index.html,Budget Implementation Act 2007
http://laws-lois.justice.gc.ca/eng/acts/B-9.857/index.html,Budget Implementation Act 2008
http://laws-lois.justice.gc.ca/eng/acts/B-9.858/index.html,Budget Implementation Act 2009
http://laws-lois.justice.gc.ca/eng/acts/B-9.86/index.html,Buffalo and Fort Erie Public Bridge Company Act
http://laws-lois.justice.gc.ca/eng/acts/B-9.9/index.html,Business Development Bank of Canada Act
http://laws-lois.justice.gc.ca/eng/acts/C-0.3/index.html,Campobello-Lubec Bridge Act
http://laws-lois.justice.gc.ca/eng/acts/C-0.4/index.html,Canada Agricultural Products Act
http://laws-lois.justice.gc.ca/eng/acts/C-1.4/index.html,Canada Border Services Agency Act
http://laws-lois.justice.gc.ca/eng/acts/C-44/index.html,Canada Business Corporations Act
http://laws-lois.justice.gc.ca/eng/acts/C-1.68/index.html,Canada Consumer Product Safety Act
http://laws-lois.justice.gc.ca/eng/acts/C-1.7/index.html,Canada Cooperatives Act
http://laws-lois.justice.gc.ca/eng/acts/C-1.8/index.html,Canada Corporations Act
http://laws-lois.justice.gc.ca/eng/acts/C-2/index.html,Canada Council for the Arts Act
http://laws-lois.justice.gc.ca/eng/acts/C-3/index.html,Canada Deposit Insurance Corporation Act
http://laws-lois.justice.gc.ca/eng/acts/C-3.4/index.html,Canada Development Corporation Reorganization Act
http://laws-lois.justice.gc.ca/eng/acts/C-3.5/index.html,Canada Disability Savings Act
http://laws-lois.justice.gc.ca/eng/acts/C-3.6/index.html,Canada Education Savings Act
http://laws-lois.justice.gc.ca/eng/acts/E-2.01/index.html,Canada Elections Act
http://laws-lois.justice.gc.ca/eng/acts/C-3.8/index.html,Canada Emission Reduction Incentives Agency Act
http://laws-lois.justice.gc.ca/eng/acts/C-4.4/index.html,Canada Employment Insurance Financing Board Act [Repealed]
http://laws-lois.justice.gc.ca/eng/acts/C-5/index.html,Canada Evidence Act
http://laws-lois.justice.gc.ca/eng/acts/C-5.5/index.html,Canada Foundation for Sustainable Development Technology Act
http://laws-lois.justice.gc.ca/eng/acts/C-5.7/index.html,Canada Fund for Africa Act
http://laws-lois.justice.gc.ca/eng/acts/G-10/index.html,Canada Grain Act
http://laws-lois.justice.gc.ca/eng/acts/C-6/index.html,Canada Health Act
http://laws-lois.justice.gc.ca/eng/acts/C-6.1/index.html,Canada Health Care Early Childhood Development and Other Social Services Funding Act
http://laws-lois.justice.gc.ca/eng/acts/L-2/index.html,Canada Labour Code
http://laws-lois.justice.gc.ca/eng/acts/L-5.8/index.html,Canada Lands Surveyors Act
http://laws-lois.justice.gc.ca/eng/acts/L-6/index.html,Canada Lands Surveys Act
http://laws-lois.justice.gc.ca/eng/acts/C-6.7/index.html,Canada Marine Act
http://laws-lois.justice.gc.ca/eng/acts/C-7/index.html,Canada Mortgage and Housing Corporation Act
http://laws-lois.justice.gc.ca/eng/acts/C-7.3/index.html,Canada National Marine Conservation Areas Act
http://laws-lois.justice.gc.ca/eng/acts/N-14.01/index.html,Canada National Parks Act
http://laws-lois.justice.gc.ca/eng/acts/C-7.75/index.html,Canada Not-for-profit Corporations Act
http://laws-lois.justice.gc.ca/eng/acts/O-7/index.html,Canada Oil and Gas Operations Act
http://laws-lois.justice.gc.ca/eng/acts/C-8/index.html,Canada Pension Plan
http://laws-lois.justice.gc.ca/eng/acts/C-8.3/index.html,Canada Pension Plan Investment Board Act
http://laws-lois.justice.gc.ca/eng/acts/C-8.5/index.html,Canada Petroleum Resources Act
http://laws-lois.justice.gc.ca/eng/acts/C-10/index.html,Canada Post Corporation Act
http://laws-lois.justice.gc.ca/eng/acts/C-10.1/index.html,Canada Prize Act
http://laws-lois.justice.gc.ca/eng/acts/C-10.11/index.html,Canada Revenue Agency Act
http://laws-lois.justice.gc.ca/eng/acts/C-10.13/index.html,Canada School of Public Service Act
http://laws-lois.justice.gc.ca/eng/acts/S-9/index.html,Canada Shipping Act [Repealed]
http://laws-lois.justice.gc.ca/eng/acts/C-10.15/index.html,Canada Shipping Act 2001
http://laws-lois.justice.gc.ca/eng/acts/C-10.2/index.html,Canada Small Business Financing Act
http://laws-lois.justice.gc.ca/eng/acts/C-10.3/index.html,Canada Strategic Infrastructure Fund Act
http://laws-lois.justice.gc.ca/eng/acts/S-22.7/index.html,Canada Student Financial Assistance Act
http://laws-lois.justice.gc.ca/eng/acts/S-23/index.html,Canada Student Loans Act
http://laws-lois.justice.gc.ca/eng/acts/C-10.4/index.html,Canada Transportation Act
http://laws-lois.justice.gc.ca/eng/acts/C-10.5/index.html,Canada Travelling Exhibitions Indemnification Act
http://laws-lois.justice.gc.ca/eng/acts/C-11/index.html,Canada Water Act
http://laws-lois.justice.gc.ca/eng/acts/W-9/index.html,Canada Wildlife Act
http://laws-lois.justice.gc.ca/eng/acts/C-0.6/index.html,Canada-Argentina Income Tax Convention Act 1994
http://laws-lois.justice.gc.ca/eng/acts/C-0.7/index.html,Canada–Armenia Tax Convention Act 2004
http://laws-lois.justice.gc.ca/eng/acts/C-1.2/index.html,Canada–Azerbaijan Tax Convention Act 2004
http://laws-lois.justice.gc.ca/eng/acts/C-1.3/index.html,Canada-Belgium Income Tax Convention Act 1976
http://laws-lois.justice.gc.ca/eng/acts/C-1.5/index.html,Canada-Brazil Income Tax Convention Act 1984
http://laws-lois.justice.gc.ca/eng/acts/C-1.6/index.html,Canada–Chile Free Trade Agreement Implementation Act
http://laws-lois.justice.gc.ca/eng/acts/C-1.65/index.html,Canada–Colombia Free Trade Agreement Implementation Act
http://laws-lois.justice.gc.ca/eng/acts/C-1.66/index.html,Canada–Colombia Tax Convention Act 2010
http://laws-lois.justice.gc.ca/eng/acts/C-1.9/index.html,Canada–Costa Rica Free Trade Agreement Implementation Act
http://laws-lois.justice.gc.ca/eng/acts/C-3.65/index.html,Canada–EFTA Free Trade Agreement Implementation Act
http://laws-lois.justice.gc.ca/eng/acts/C-5.2/index.html,Canada–Finland Tax Convention Act 2006
http://laws-lois.justice.gc.ca/eng/acts/C-5.8/index.html,Canada–Gabon Tax Convention Act 2004
http://laws-lois.justice.gc.ca/eng/acts/C-5.85/index.html,Canada-Germany Tax Agreement Act 1982
http://laws-lois.justice.gc.ca/eng/acts/C-5.9/index.html,Canada–Greece Tax Convention Act 2010
http://laws-lois.justice.gc.ca/eng/acts/C-6.10/index.html,Canada–Honduras Economic Growth and Prosperity Act
http://laws-lois.justice.gc.ca/eng/acts/C-6.15/index.html,Canada–Hong Kong Tax Agreement Act 2013
http://laws-lois.justice.gc.ca/eng/acts/C-6.2/index.html,Canadair Limited Divestiture Authorization Act
http://laws-lois.justice.gc.ca/eng/acts/C-6.3/index.html,Canada–Ireland Tax Convention Act 2004
http://laws-lois.justice.gc.ca/eng/acts/C-6.4/index.html,Canada–Israel Free Trade Agreement Implementation Act
http://laws-lois.justice.gc.ca/eng/acts/C-6.45/index.html,Canada–Jordan Economic Growth and Prosperity Act
http://laws-lois.justice.gc.ca/eng/acts/C-6.48/index.html,Canada–Korea Economic Growth and Prosperity Act
http://laws-lois.justice.gc.ca/eng/acts/C-6.5/index.html,Canada–Korea Income Tax Convention Act 1980
http://laws-lois.justice.gc.ca/eng/acts/C-6.6/index.html,Canada–Kuwait Tax Agreement Act 2002
http://laws-lois.justice.gc.ca/eng/acts/C-6.85/index.html,Canada–Mexico Tax Convention Act 2006
http://laws-lois.justice.gc.ca/eng/acts/C-6.87/index.html,Canada-Mexico Tax Information Exchange Convention Act 1991
http://laws-lois.justice.gc.ca/eng/acts/C-6.9/index.html,Canada–Moldova Tax Convention Act 2002
http://laws-lois.justice.gc.ca/eng/acts/C-6.94/index.html,Canada–Mongolia Tax Convention Act 2002
http://laws-lois.justice.gc.ca/eng/acts/C-7.2/index.html,Canada–Namibia Tax Convention Act 2013
http://laws-lois.justice.gc.ca/eng/acts/C-7.5/index.html,Canada–Newfoundland and Labrador Atlantic Accord Implementation Act
http://laws-lois.justice.gc.ca/eng/acts/C-7.7/index.html,Canada–Norway Tax Convention Act 2002
http://laws-lois.justice.gc.ca/eng/acts/C-7.8/index.html,Canada-Nova Scotia Offshore Petroleum Resources Accord Implementation Act
http://laws-lois.justice.gc.ca/eng/acts/C-7.9/index.html,Canada–Oman Tax Agreement Act 2004
http://laws-lois.justice.gc.ca/eng/acts/C-7.95/index.html,Canada–Panama Economic Growth and Prosperity Act
http://laws-lois.justice.gc.ca/eng/acts/C-8.4/index.html,Canada–Peru Free Trade Agreement Implementation Act
http://laws-lois.justice.gc.ca/eng/acts/C-8.8/index.html,Canada–Poland Tax Convention Act 2013
http://laws-lois.justice.gc.ca/eng/acts/C-10.14/index.html,Canada–Serbia Tax Convention Act 2013
http://laws-lois.justice.gc.ca/eng/acts/C-10.52/index.html,Canada–Turkey Tax Convention Act 2010
http://laws-lois.justice.gc.ca/eng/acts/C-10.55/index.html,Canada–United Arab Emirates Tax Convention Act 2002
http://laws-lois.justice.gc.ca/eng/acts/C-30/index.html,Canada-United Kingdom Civil and Commercial Judgments Convention Act
http://laws-lois.justice.gc.ca/eng/acts/C-10.58/index.html,Canada–United States Enhanced Tax Information Exchange Agreement Implementation Act
http://laws-lois.justice.gc.ca/eng/acts/C-10.6/index.html,Canada-United States Free Trade Agreement Implementation Act
http://laws-lois.justice.gc.ca/eng/acts/C-10.7/index.html,Canada–United States Tax Convention Act 1984
http://laws-lois.justice.gc.ca/eng/acts/C-11.1/index.html,Canada–Yukon Oil and Gas Accord Implementation Act
http://laws-lois.justice.gc.ca/eng/acts/F-2.7/index.html,Canadian Agricultural Loans Act
http://laws-lois.justice.gc.ca/eng/acts/C-11.2/index.html,Canadian Air Transport Security Authority Act
http://laws-lois.justice.gc.ca/eng/acts/C-11.4/index.html,Canadian Arsenals Limited Divestiture Authorization Act
http://laws-lois.justice.gc.ca/eng/acts/C-11.7/index.html,Canadian Association of Former Parliamentarians Act
http://laws-lois.justice.gc.ca/eng/acts/C-12.3/index.html,Canadian Bill of Rights
http://laws-lois.justice.gc.ca/eng/acts/C-13/index.html,Canadian Centre for Occupational Health and Safety Act
http://laws-lois.justice.gc.ca/eng/acts/C-13.4/index.html,Canadian Centre on Substance Abuse Act
http://laws-lois.justice.gc.ca/eng/acts/C-13.7/index.html,Canadian Commercial Bank Financial Assistance Act
http://laws-lois.justice.gc.ca/eng/acts/C-14/index.html,Canadian Commercial Corporation Act
http://laws-lois.justice.gc.ca/eng/acts/C-15/index.html,Canadian Dairy Commission Act
http://laws-lois.justice.gc.ca/eng/acts/E-11/index.html,Canadian Environment Week Act
http://laws-lois.justice.gc.ca/eng/acts/C-15.2/index.html,Canadian Environmental Assessment Act [Repealed]
http://laws-lois.justice.gc.ca/eng/acts/C-15.21/index.html,Canadian Environmental Assessment Act 2012
http://laws-lois.justice.gc.ca/eng/acts/C-15.31/index.html,Canadian Environmental Protection Act 1999
http://laws-lois.justice.gc.ca/eng/acts/C-16.5/index.html,Canadian Food Inspection Agency Act
http://laws-lois.justice.gc.ca/eng/acts/Z-040/index.html,Canadian Forces Act 1950
http://laws-lois.justice.gc.ca/eng/acts/C-16.8/index.html,Canadian Forces Members and Veterans Re-establishment and Compensation Act
http://laws-lois.justice.gc.ca/eng/acts/C-17/index.html,Canadian Forces Superannuation Act
http://laws-lois.justice.gc.ca/eng/acts/C-17.6/index.html,Canadian Heritage Languages Institute Act
http://laws-lois.justice.gc.ca/eng/acts/C-17.8/index.html,Canadian High Arctic Research Station Act
http://laws-lois.justice.gc.ca/eng/acts/H-6/index.html,Canadian Human Rights Act
http://laws-lois.justice.gc.ca/eng/acts/C-18.1/index.html,Canadian Institutes of Health Research Act
http://laws-lois.justice.gc.ca/eng/acts/C-18.3/index.html,Canadian International Trade Tribunal Act
http://laws-lois.justice.gc.ca/eng/acts/C-18.7/index.html,Canadian Multiculturalism Act
http://laws-lois.justice.gc.ca/eng/acts/C-19.1/index.html,Canadian National Montreal Terminals Act 1929
http://laws-lois.justice.gc.ca/eng/acts/C-20/index.html,Canadian Ownership and Control Determination Act
http://laws-lois.justice.gc.ca/eng/acts/C-21/index.html,Canadian Payments Act
http://laws-lois.justice.gc.ca/eng/acts/C-21.1/index.html,Canadian Peacekeeping Service Medal Act
http://laws-lois.justice.gc.ca/eng/acts/C-21.3/index.html,Canadian Polar Commission Act [Repealed]
http://laws-lois.justice.gc.ca/eng/acts/C-21.8/index.html,Canadian Race Relations Foundation Act
http://laws-lois.justice.gc.ca/eng/acts/C-22/index.html,Canadian Radio-television and Telecommunications Commission Act
http://laws-lois.justice.gc.ca/eng/acts/C-22.4/index.html,Canadian Red Cross Society Act
http://laws-lois.justice.gc.ca/eng/acts/C-23.05/index.html,Canadian Securities Regulation Regime Transition Office Act
http://laws-lois.justice.gc.ca/eng/acts/C-23/index.html,Canadian Security Intelligence Service Act
http://laws-lois.justice.gc.ca/eng/acts/C-23.2/index.html,Canadian Space Agency Act
http://laws-lois.justice.gc.ca/eng/acts/C-23.3/index.html,Canadian Tourism Commission Act
http://laws-lois.justice.gc.ca/eng/acts/C-23.4/index.html,Canadian Transportation Accident Investigation and Safety Board Act
http://laws-lois.justice.gc.ca/eng/acts/C-23.7/index.html,Canadian Victims Bill of Rights
http://laws-lois.justice.gc.ca/eng/acts/C-24.2/index.html,Canadian Wheat Board (Interim Operations) Act [Repealed]
http://laws-lois.justice.gc.ca/eng/acts/C-24/index.html,Canadian Wheat Board Act [Repealed]
http://laws-lois.justice.gc.ca/eng/acts/C-25/index.html,Cape Breton Development Corporation Act
http://laws-lois.justice.gc.ca/eng/acts/C-25.2/index.html,Cape Breton Development Corporation Divestiture Authorization and Dissolution Act
http://laws-lois.justice.gc.ca/eng/acts/C-26/index.html,Carriage by Air Act
http://laws-lois.justice.gc.ca/eng/acts/C-27.2/index.html,Caughnawaga Indian Reserve Act
http://laws-lois.justice.gc.ca/eng/acts/C-27.4/index.html,Celebrating Canada’s Seniors Act
http://laws-lois.justice.gc.ca/eng/acts/C-27.5/index.html,Centennial Flame Research Award Act
http://laws-lois.justice.gc.ca/eng/acts/C-27.55/index.html,Charities Registration (Security Information) Act
http://laws-lois.justice.gc.ca/eng/acts/C-27.6/index.html,Chemical Weapons Convention Implementation Act
http://laws-lois.justice.gc.ca/eng/acts/C-27.7/index.html,Child Day Act
http://laws-lois.justice.gc.ca/eng/acts/C-28/index.html,Children of Deceased Veterans Education Assistance Act
http://laws-lois.justice.gc.ca/eng/acts/C-28.5/index.html,Children’s Special Allowances Act
http://laws-lois.justice.gc.ca/eng/acts/C-28.51/index.html,Children’s Special Allowances Act [Shell]
http://laws-lois.justice.gc.ca/eng/acts/C-29/index.html,Citizenship Act
http://laws-lois.justice.gc.ca/eng/acts/C-29.7/index.html,Civil Air Navigation Services Commercialization Act
http://laws-lois.justice.gc.ca/eng/acts/C-31.3/index.html,Civil International Space Station Agreement Implementation Act
http://laws-lois.justice.gc.ca/eng/acts/C-31.5/index.html,Civil Marriage Act
http://laws-lois.justice.gc.ca/eng/acts/C-31.6/index.html,Civil Service Insurance Act
http://laws-lois.justice.gc.ca/eng/acts/C-31/index.html,Civilian War-related Benefits Act
http://laws-lois.justice.gc.ca/eng/acts/C-31.7/index.html,Claim Settlements (Alberta and Saskatchewan) Implementation Act
http://laws-lois.justice.gc.ca/eng/acts/C-31.8/index.html,Clarity Act
http://laws-lois.justice.gc.ca/eng/acts/C-0.2/index.html,CN Commercialization Act
http://laws-lois.justice.gc.ca/eng/acts/C-33/index.html,Coastal Fisheries Protection Act
http://laws-lois.justice.gc.ca/eng/acts/C-33.3/index.html,Coasting Trade Act
http://laws-lois.justice.gc.ca/eng/acts/C-34.6/index.html,Commercial Arbitration Act
http://laws-lois.justice.gc.ca/eng/acts/C-36/index.html,Companies’ Creditors Arrangement Act
http://laws-lois.justice.gc.ca/eng/acts/C-34/index.html,Competition Act
http://laws-lois.justice.gc.ca/eng/acts/C-36.4/index.html,Competition Tribunal Act
http://laws-lois.justice.gc.ca/eng/acts/C-36.5/index.html,Comprehensive Nuclear Test-Ban Treaty Implementation Act [Not in force]
http://laws-lois.justice.gc.ca/eng/acts/C-36.6/index.html,Condominium Ordinance Validation Act
http://laws-lois.justice.gc.ca/eng/acts/C-36.65/index.html,Conflict of Interest Act
http://laws-lois.justice.gc.ca/eng/acts/C-36.7/index.html,Constitutional Amendments
http://laws-lois.justice.gc.ca/eng/acts/C-38/index.html,Consumer Packaging and Labelling Act
http://laws-lois.justice.gc.ca/eng/acts/C-38.5/index.html,Continental Bank of Canada An Act to incorporate
http://laws-lois.justice.gc.ca/eng/acts/C-38.7/index.html,Contraventions Act
http://laws-lois.justice.gc.ca/eng/acts/C-38.8/index.html,Controlled Drugs and Substances Act
http://laws-lois.justice.gc.ca/eng/acts/C-41.01/index.html,Cooperative Credit Associations Act
http://laws-lois.justice.gc.ca/eng/acts/C-41.5/index.html,Cooperative Energy Act
http://laws-lois.justice.gc.ca/eng/acts/C-42/index.html,Copyright Act
http://laws-lois.justice.gc.ca/eng/acts/C-43/index.html,Corporations Returns Act
http://laws-lois.justice.gc.ca/eng/acts/C-44.6/index.html,Corrections and Conditional Release Act
http://laws-lois.justice.gc.ca/eng/acts/C-45.2/index.html,Corruption of Foreign Public Officials Act
http://laws-lois.justice.gc.ca/eng/acts/C-45.5/index.html,Courts Administration Service Act
http://laws-lois.justice.gc.ca/eng/acts/C-45.7/index.html,Cree-Naskapi (of Quebec) Act
http://laws-lois.justice.gc.ca/eng/acts/C-45.9/index.html,Crimes Against Humanity and War Crimes Act
http://laws-lois.justice.gc.ca/eng/acts/C-46/index.html,Criminal Code
http://laws-lois.justice.gc.ca/eng/acts/C-47/index.html,Criminal Records Act
http://laws-lois.justice.gc.ca/eng/acts/C-49.6/index.html,Crown Corporations Dissolution or Transfer Authorization Act
http://laws-lois.justice.gc.ca/eng/acts/C-50/index.html,Crown Liability and Proceedings Act
http://laws-lois.justice.gc.ca/eng/acts/C-51/index.html,Cultural Property Export and Import Act
http://laws-lois.justice.gc.ca/eng/acts/C-52/index.html,Currency Act
http://laws-lois.justice.gc.ca/eng/acts/C-52.6/index.html,Customs Act
http://laws-lois.justice.gc.ca/eng/acts/C-53/index.html,Customs and Excise Offshore Application Act
http://laws-lois.justice.gc.ca/eng/acts/C-54.011/index.html,Customs Tariff
http://laws-lois.justice.gc.ca/eng/acts/D-0.5/index.html,Debt Servicing and Reduction Account Act [Repealed]
http://laws-lois.justice.gc.ca/eng/acts/D-1/index.html,Defence Production Act
http://laws-lois.justice.gc.ca/eng/acts/D-1.3/index.html,Defence Services Pension Continuation Act
http://laws-lois.justice.gc.ca/eng/acts/D-1.5/index.html,Déline Final Self-Government Agreement Act
http://laws-lois.justice.gc.ca/eng/acts/A-9/index.html,Department of Agriculture and Agri-Food Act
http://laws-lois.justice.gc.ca/eng/acts/C-17.3/index.html,Department of Canadian Heritage Act
http://laws-lois.justice.gc.ca/eng/acts/C-29.4/index.html,Department of Citizenship and Immigration Act
http://laws-lois.justice.gc.ca/eng/acts/H-5.7/index.html,Department of Employment and Social Development Act
http://laws-lois.justice.gc.ca/eng/acts/F-15/index.html,Department of Fisheries and Oceans Act
http://laws-lois.justice.gc.ca/eng/acts/E-22/index.html,Department of Foreign Affairs and International Trade Act [Repealed]
http://laws-lois.justice.gc.ca/eng/acts/F-27.5/index.html,Department of Foreign Affairs Trade and Development Act
http://laws-lois.justice.gc.ca/eng/acts/H-3.2/index.html,Department of Health Act
http://laws-lois.justice.gc.ca/eng/acts/H-5.8/index.html,Department of Human Resources Development Act [Repealed]
http://laws-lois.justice.gc.ca/eng/acts/I-6/index.html,Department of Indian Affairs and Northern Development Act
http://laws-lois.justice.gc.ca/eng/acts/I-9.2/index.html,Department of Industry Act
http://laws-lois.justice.gc.ca/eng/acts/J-2/index.html,Department of Justice Act
http://laws-lois.justice.gc.ca/eng/acts/N-20.8/index.html,Department of Natural Resources Act
http://laws-lois.justice.gc.ca/eng/acts/P-31.55/index.html,Department of Public Safety and Emergency Preparedness Act
http://laws-lois.justice.gc.ca/eng/acts/P-38.2/index.html,Department of Public Works and Government Services Act
http://laws-lois.justice.gc.ca/eng/acts/S-11.5/index.html,Department of Social Development Act [Repealed]
http://laws-lois.justice.gc.ca/eng/acts/E-10/index.html,Department of the Environment Act
http://laws-lois.justice.gc.ca/eng/acts/S-13/index.html,Department of the Solicitor General Act [Repealed]
http://laws-lois.justice.gc.ca/eng/acts/T-18/index.html,Department of Transport Act
http://laws-lois.justice.gc.ca/eng/acts/V-1/index.html,Department of Veterans Affairs Act
http://laws-lois.justice.gc.ca/eng/acts/D-1.6/index.html,Depository Bills and Notes Act
http://laws-lois.justice.gc.ca/eng/acts/D-2/index.html,Diplomatic Service (Special) Superannuation Act
http://laws-lois.justice.gc.ca/eng/acts/D-2.5/index.html,Director of Public Prosecutions Act
http://laws-lois.justice.gc.ca/eng/acts/D-2.8/index.html,Disability Tax Credit Promoters Restrictions Act [Not in force]
http://laws-lois.justice.gc.ca/eng/acts/D-3.4/index.html,Divorce Act
http://laws-lois.justice.gc.ca/eng/acts/D-3.8/index.html,DNA Identification Act
http://laws-lois.justice.gc.ca/eng/acts/Z-0.98/index.html,Dominion Succession Duty Act
http://laws-lois.justice.gc.ca/eng/acts/W-4/index.html,Dominion Water Power Act
http://laws-lois.justice.gc.ca/eng/acts/D-3.9/index.html,Donkin Coal Block Development Opportunity Act
http://laws-lois.justice.gc.ca/eng/acts/D-4/index.html,Dry Docks Subsidies Act
http://laws-lois.justice.gc.ca/eng/acts/E-0.6/index.html,Economic Action Plan 2013 Act No. 1
http://laws-lois.justice.gc.ca/eng/acts/E-0.7/index.html,Economic Action Plan 2013 Act No. 2
http://laws-lois.justice.gc.ca/eng/acts/E-0.8/index.html,Economic Action Plan 2014 Act No. 1
http://laws-lois.justice.gc.ca/eng/acts/E-0.9/index.html,Economic Action Plan 2015 Act No. 1
http://laws-lois.justice.gc.ca/eng/acts/E-1.3/index.html,Economic Development Agency of Canada for the Regions of Quebec Act
http://laws-lois.justice.gc.ca/eng/acts/E-1.4/index.html,Economic Recovery Act (stimulus)
http://laws-lois.justice.gc.ca/eng/acts/E-1.5/index.html,Eeyou Marine Region Land Claims Agreement Act
http://laws-lois.justice.gc.ca/eng/acts/E-1.6/index.html,Efficiency and adaptability of the Canadian economy by regulating certain activities that discourage reliance on electronic means of carrying out commercial activities and to amend... An Act to promote the
http://laws-lois.justice.gc.ca/eng/acts/E-1.7/index.html,Eldorado Nuclear Limited Reorganization and Divestiture Act
http://laws-lois.justice.gc.ca/eng/acts/E-3/index.html,Electoral Boundaries Readjustment Act
http://laws-lois.justice.gc.ca/eng/acts/E-3.1/index.html,Electoral Boundaries Readjustment Suspension Act 1994
http://laws-lois.justice.gc.ca/eng/acts/E-4/index.html,Electricity and Gas Inspection Act
http://laws-lois.justice.gc.ca/eng/acts/E-4.5/index.html,Emergencies Act
http://laws-lois.justice.gc.ca/eng/acts/E-4.56/index.html,Emergency Management Act
http://laws-lois.justice.gc.ca/eng/acts/E-4.6/index.html,Emergency Preparedness Act [Repealed]
http://laws-lois.justice.gc.ca/eng/acts/E-5.401/index.html,Employment Equity Act
http://laws-lois.justice.gc.ca/eng/acts/E-5.6/index.html,Employment Insurance Act
http://laws-lois.justice.gc.ca/eng/acts/E-5.8/index.html,Employment Support Act
http://laws-lois.justice.gc.ca/eng/acts/E-6/index.html,Energy Administration Act
http://laws-lois.justice.gc.ca/eng/acts/E-6.2/index.html,Energy Costs Assistance Measures Act
http://laws-lois.justice.gc.ca/eng/acts/E-6.4/index.html,Energy Efficiency Act
http://laws-lois.justice.gc.ca/eng/acts/E-8/index.html,Energy Monitoring Act
http://laws-lois.justice.gc.ca/eng/acts/E-9/index.html,Energy Supplies Emergency Act
http://laws-lois.justice.gc.ca/eng/acts/E-9.5/index.html,Enterprise Cape Breton Corporation Act [Repealed]
http://laws-lois.justice.gc.ca/eng/acts/E-12.5/index.html,Environmental Violations Administrative Monetary Penalties Act
http://laws-lois.justice.gc.ca/eng/acts/E-13/index.html,Escheats Act
http://laws-lois.justice.gc.ca/eng/acts/E-13.5/index.html,European Bank for Reconstruction and Development Agreement Act
http://laws-lois.justice.gc.ca/eng/acts/E-13.7/index.html,Exchequer Court Act
http://laws-lois.justice.gc.ca/eng/acts/E-14/index.html,Excise Act
http://laws-lois.justice.gc.ca/eng/acts/E-14.1/index.html,Excise Act 2001
http://laws-lois.justice.gc.ca/eng/acts/E-15/index.html,Excise Tax Act
http://laws-lois.justice.gc.ca/eng/acts/E-15.5/index.html,Expenditure Restraint Act
http://laws-lois.justice.gc.ca/eng/acts/E-16/index.html,Experimental Farm Stations Act
http://laws-lois.justice.gc.ca/eng/acts/E-17/index.html,Explosives Act
http://laws-lois.justice.gc.ca/eng/acts/E-18/index.html,Export Act
http://laws-lois.justice.gc.ca/eng/acts/E-18.5/index.html,Export and Import of Rough Diamonds Act
http://laws-lois.justice.gc.ca/eng/acts/E-19/index.html,Export and Import Permits Act
http://laws-lois.justice.gc.ca/eng/acts/E-20/index.html,Export Development Act
http://laws-lois.justice.gc.ca/eng/acts/E-21/index.html,Expropriation Act
http://laws-lois.justice.gc.ca/eng/acts/E-22.7/index.html,Extractive Sector Transparency Measures Act
http://laws-lois.justice.gc.ca/eng/acts/E-23.01/index.html,Extradition Act
http://laws-lois.justice.gc.ca/eng/acts/L-4/index.html,Fair Wages and Hours of Labour Act [Repealed]
http://laws-lois.justice.gc.ca/eng/acts/F-1.2/index.html,Family Homes on Reserves and Matrimonial Interests or Rights Act
http://laws-lois.justice.gc.ca/eng/acts/F-1.4/index.html,Family Orders and Agreements Enforcement Assistance Act
http://laws-lois.justice.gc.ca/eng/acts/F-2.2/index.html,Farm Credit Canada Act
http://laws-lois.justice.gc.ca/eng/acts/F-2.27/index.html,Farm Debt Mediation Act
http://laws-lois.justice.gc.ca/eng/acts/F-3/index.html,Farm Improvement Loans Act [Repealed]
http://laws-lois.justice.gc.ca/eng/acts/F-3.3/index.html,Farm Income Protection Act
http://laws-lois.justice.gc.ca/eng/acts/F-4/index.html,Farm Products Agencies Act
http://laws-lois.justice.gc.ca/eng/acts/F-5.5/index.html,Federal Accountability Act
http://laws-lois.justice.gc.ca/eng/acts/F-5.8/index.html,Federal Balanced Budget Act
http://laws-lois.justice.gc.ca/eng/acts/F-7/index.html,Federal Courts Act
http://laws-lois.justice.gc.ca/eng/acts/F-7.3/index.html,Federal Framework for Suicide Prevention Act
http://laws-lois.justice.gc.ca/eng/acts/F-7.35/index.html,Federal Framework on Lyme Disease Act
http://laws-lois.justice.gc.ca/eng/acts/F-7.5/index.html,Federal Law--Civil Law Harmonization Act No. 1
http://laws-lois.justice.gc.ca/eng/acts/F-8.4/index.html,Federal Real Property and Federal Immovables Act
http://laws-lois.justice.gc.ca/eng/acts/F-8.6/index.html,Federal Sustainable Development Act
http://laws-lois.justice.gc.ca/eng/acts/F-7.8/index.html,Federal-Provincial Fiscal Arrangements Act
http://laws-lois.justice.gc.ca/eng/acts/F-8/index.html,Federal-Provincial Fiscal Arrangements Act
http://laws-lois.justice.gc.ca/eng/acts/F-8.2/index.html,Federal-Provincial Fiscal Arrangements Act 1972
http://laws-lois.justice.gc.ca/eng/acts/F-9/index.html,Feeds Act
http://laws-lois.justice.gc.ca/eng/acts/F-10/index.html,Fertilizers Act
http://laws-lois.justice.gc.ca/eng/acts/F-11/index.html,Financial Administration Act
http://laws-lois.justice.gc.ca/eng/acts/T-10.3/index.html,Financial Advisors Association of Canada Act The
http://laws-lois.justice.gc.ca/eng/acts/F-11.1/index.html,Financial Consumer Agency of Canada Act
http://laws-lois.justice.gc.ca/eng/acts/F-11.2/index.html,Financial Institutions
http://laws-lois.justice.gc.ca/eng/acts/F-11.3/index.html,Financial Institutions and Deposit Insurance System Amendment Act
http://laws-lois.justice.gc.ca/eng/acts/F-11.4/index.html,Financial Institutions Depositors Compensation Act
http://laws-lois.justice.gc.ca/eng/acts/F-11.6/index.html,Firearms Act
http://laws-lois.justice.gc.ca/eng/acts/F-11.64/index.html,First Nations Commercial and Industrial Development Act
http://laws-lois.justice.gc.ca/eng/acts/F-11.65/index.html,First Nations Elections Act
http://laws-lois.justice.gc.ca/eng/acts/F-11.66/index.html,First Nations Financial Transparency Act
http://laws-lois.justice.gc.ca/eng/acts/F-11.67/index.html,First Nations Fiscal Management Act
http://laws-lois.justice.gc.ca/eng/acts/F-11.7/index.html,First Nations Goods and Services Tax Act
http://laws-lois.justice.gc.ca/eng/acts/F-11.75/index.html,First Nations Jurisdiction over Education in British Columbia Act
http://laws-lois.justice.gc.ca/eng/acts/F-11.8/index.html,First Nations Land Management Act
http://laws-lois.justice.gc.ca/eng/acts/F-11.9/index.html,First Nations Oil and Gas and Moneys Management Act
http://laws-lois.justice.gc.ca/eng/acts/F-12/index.html,Fish Inspection Act
http://laws-lois.justice.gc.ca/eng/acts/F-14/index.html,Fisheries Act
http://laws-lois.justice.gc.ca/eng/acts/F-21/index.html,Fisheries Development Act
http://laws-lois.justice.gc.ca/eng/acts/F-22/index.html,Fisheries Improvement Loans Act
http://laws-lois.justice.gc.ca/eng/acts/F-24/index.html,Fishing and Recreational Harbours Act
http://laws-lois.justice.gc.ca/eng/acts/F-25/index.html,Fitness and Amateur Sport Act [Repealed]
http://laws-lois.justice.gc.ca/eng/acts/F-26/index.html,Food and Agriculture Organization of the United Nations Act
http://laws-lois.justice.gc.ca/eng/acts/F-27/index.html,Food and Drugs Act
http://laws-lois.justice.gc.ca/eng/acts/F-28/index.html,Foreign Enlistment Act
http://laws-lois.justice.gc.ca/eng/acts/F-29/index.html,Foreign Extraterritorial Measures Act
http://laws-lois.justice.gc.ca/eng/acts/F-29.4/index.html,Foreign Missions and International Organizations Act
http://laws-lois.justice.gc.ca/eng/acts/F-29.6/index.html,Foreign Publishers Advertising Services Act
http://laws-lois.justice.gc.ca/eng/acts/F-30/index.html,Forestry Act
http://laws-lois.justice.gc.ca/eng/acts/F-30.2/index.html,Forgiveness of Certain Official Development Assistance Debts Act
http://laws-lois.justice.gc.ca/eng/acts/F-30.4/index.html,Forgiveness of Debts (sub-Saharan Africa) Act
http://laws-lois.justice.gc.ca/eng/acts/F-31.4/index.html,Fort Nelson Indian Reserve Minerals Revenue Sharing Act
http://laws-lois.justice.gc.ca/eng/acts/F-31.2/index.html,Fort-Falls Bridge Authority Act
http://laws-lois.justice.gc.ca/eng/acts/F-31.6/index.html,Freezing Assets of Corrupt Foreign Officials Act
http://laws-lois.justice.gc.ca/eng/acts/F-13/index.html,Freshwater Fish Marketing Act
http://laws-lois.justice.gc.ca/eng/acts/F-31.7/index.html,Fruit and Vegetable Customs Orders Validation Act
http://laws-lois.justice.gc.ca/eng/acts/F-32.5/index.html,Funding for diagnostic and medical equipment An Act respecting the provision of
http://laws-lois.justice.gc.ca/eng/acts/G-2/index.html,Garnishment Attachment and Pension Diversion Act
http://laws-lois.justice.gc.ca/eng/acts/G-3/index.html,Geneva Conventions Act
http://laws-lois.justice.gc.ca/eng/acts/G-3.7/index.html,Government Annuities Act
http://laws-lois.justice.gc.ca/eng/acts/G-3.8/index.html,Government Annuities Improvement Act
http://laws-lois.justice.gc.ca/eng/acts/G-4/index.html,Government Corporations Operation Act
http://laws-lois.justice.gc.ca/eng/acts/G-5/index.html,Government Employees Compensation Act
http://laws-lois.justice.gc.ca/eng/acts/G-5.3/index.html,Government House property Toronto An Act respecting the
http://laws-lois.justice.gc.ca/eng/acts/G-5.7/index.html,Government Organization Act Atlantic Canada 1987
http://laws-lois.justice.gc.ca/eng/acts/G-6/index.html,Government Property Traffic Act
http://laws-lois.justice.gc.ca/eng/acts/G-7.4/index.html,Government Services Act 1999
http://laws-lois.justice.gc.ca/eng/acts/G-7.6/index.html,Government Services Resumption Act
http://laws-lois.justice.gc.ca/eng/acts/G-9/index.html,Governor General’s Act
http://laws-lois.justice.gc.ca/eng/acts/G-11.2/index.html,Granting of an immediate annuity to the Honourable Mr. Justice Donald Raymond Morand An Act to authorize the
http://laws-lois.justice.gc.ca/eng/acts/G-11.4/index.html,Grassy Narrows and Islington Indian Bands Mercury Pollution Claims Settlement Act
http://laws-lois.justice.gc.ca/eng/acts/F-17/index.html,Great Lakes Fisheries Convention Act
http://laws-lois.justice.gc.ca/eng/acts/G-11.6/index.html,Greenhouse Gas Technology Investment Fund Act [Not in force]
http://laws-lois.justice.gc.ca/eng/acts/G-11.8/index.html,Gwich’in Land Claim Settlement Act
http://laws-lois.justice.gc.ca/eng/acts/H-0.5/index.html,Halifax Relief Commission Pension Continuation Act
http://laws-lois.justice.gc.ca/eng/acts/H-1/index.html,Harbour Commissions Act [Repealed]
http://laws-lois.justice.gc.ca/eng/acts/H-2.7/index.html,Hazardous Materials Information Review Act
http://laws-lois.justice.gc.ca/eng/acts/H-3/index.html,Hazardous Products Act
http://laws-lois.justice.gc.ca/eng/acts/H-2.71/index.html,Hazardous Products Act and the Canada Labour Code to enact the Hazardous Materials Information Review Act and to amend other Acts in relation thereto An Act to amend the
http://laws-lois.justice.gc.ca/eng/acts/H-3.3/index.html,Health of Animals Act
http://laws-lois.justice.gc.ca/eng/acts/H-3.4/index.html,Heritage Lighthouse Protection Act
http://laws-lois.justice.gc.ca/eng/acts/H-3.5/index.html,Heritage Railway Stations Protection Act
http://laws-lois.justice.gc.ca/eng/acts/H-3.7/index.html,Hibernia Development Project Act
http://laws-lois.justice.gc.ca/eng/acts/H-3.76/index.html,High Risk Child Sex Offender Database Act [Not in force]
http://laws-lois.justice.gc.ca/eng/acts/H-3.8/index.html,Highway 30 Completion Bridges Act
http://laws-lois.justice.gc.ca/eng/acts/H-4/index.html,Historic Sites and Monuments Act
http://laws-lois.justice.gc.ca/eng/acts/H-5/index.html,Holidays Act
http://laws-lois.justice.gc.ca/eng/acts/H-5.4/index.html,Holocaust Memorial Day Act
http://laws-lois.justice.gc.ca/eng/acts/H-5.6/index.html,Hudson Bay Mining and Smelting Co. Limited
http://laws-lois.justice.gc.ca/eng/acts/H-5.67/index.html,Human Pathogens and Toxins Act
http://laws-lois.justice.gc.ca/eng/acts/I-1/index.html,Identification of Criminals Act
http://laws-lois.justice.gc.ca/eng/acts/I-2.5/index.html,Immigration and Refugee Protection Act
http://laws-lois.justice.gc.ca/eng/acts/I-3/index.html,Importation of Intoxicating Liquors Act
http://laws-lois.justice.gc.ca/eng/acts/I-3.3/index.html,Income Tax Act
http://laws-lois.justice.gc.ca/eng/acts/I-3.31/index.html,Income Tax Application Rules
http://laws-lois.justice.gc.ca/eng/acts/I-3.5/index.html,Income Tax Conventions Implementation Act 1995
http://laws-lois.justice.gc.ca/eng/acts/I-3.51/index.html,Income Tax Conventions Implementation Act 1996
http://laws-lois.justice.gc.ca/eng/acts/I-3.52/index.html,Income Tax Conventions Implementation Act 1997
http://laws-lois.justice.gc.ca/eng/acts/I-3.53/index.html,Income Tax Conventions Implementation Act 1998
http://laws-lois.justice.gc.ca/eng/acts/I-3.54/index.html,Income Tax Conventions Implementation Act 1999
http://laws-lois.justice.gc.ca/eng/acts/I-3.55/index.html,Income Tax Conventions Implementation Act 2001
http://laws-lois.justice.gc.ca/eng/acts/I-4/index.html,Income Tax Conventions Interpretation Act
http://laws-lois.justice.gc.ca/eng/acts/I-7.7/index.html,Indian (Soldier Settlement) Act
http://laws-lois.justice.gc.ca/eng/acts/I-5/index.html,Indian Act
http://laws-lois.justice.gc.ca/eng/acts/I-5.3/index.html,Indian Act Amendment and Replacement Act
http://laws-lois.justice.gc.ca/eng/acts/I-6.7/index.html,Indian Lands Agreement (1986) Act
http://laws-lois.justice.gc.ca/eng/acts/I-7/index.html,Indian Oil and Gas Act
http://laws-lois.justice.gc.ca/eng/acts/I-7.2/index.html,Indian Reserve Lands An Act for the settlement of certain questions between the Governments of Canada and Ontario respecting
http://laws-lois.justice.gc.ca/eng/acts/I-7.4/index.html,Indian Reserves of Nova Scotia Act
http://laws-lois.justice.gc.ca/eng/acts/I-8/index.html,Industrial and Regional Development Act
http://laws-lois.justice.gc.ca/eng/acts/I-9/index.html,Industrial Design Act
http://laws-lois.justice.gc.ca/eng/acts/I-9.8/index.html,Injured Military Members Compensation Act
http://laws-lois.justice.gc.ca/eng/acts/I-11/index.html,Inquiries Act
http://laws-lois.justice.gc.ca/eng/acts/I-11.8/index.html,Insurance Companies Act
http://laws-lois.justice.gc.ca/eng/acts/I-14.6/index.html,Integrated Circuit Topography Act
http://laws-lois.justice.gc.ca/eng/acts/I-14.7/index.html,Integrated Cross-border Law Enforcement Operations Act
http://laws-lois.justice.gc.ca/eng/acts/I-15/index.html,Interest Act
http://laws-lois.justice.gc.ca/eng/acts/I-16/index.html,International Boundary Commission Act
http://laws-lois.justice.gc.ca/eng/acts/I-17/index.html,International Boundary Waters Treaty Act
http://laws-lois.justice.gc.ca/eng/acts/I-17.05/index.html,International Bridges and Tunnels Act
http://laws-lois.justice.gc.ca/eng/acts/I-17.3/index.html,International Centre for Human Rights and Democratic Development Act [Repealed]
http://laws-lois.justice.gc.ca/eng/acts/I-18/index.html,International Development (Financial Institutions) Assistance Act
http://laws-lois.justice.gc.ca/eng/acts/I-18.1/index.html,International Development (Financial Institutions) Assistance Act An Act concerning an order under the
http://laws-lois.justice.gc.ca/eng/acts/I-19/index.html,International Development Research Centre Act
http://laws-lois.justice.gc.ca/eng/acts/I-19.6/index.html,International Interests in Mobile Equipment (aircraft equipment) Act
http://laws-lois.justice.gc.ca/eng/acts/I-19.8/index.html,International Rapids Power Development Act
http://laws-lois.justice.gc.ca/eng/acts/I-20/index.html,International River Improvements Act
http://laws-lois.justice.gc.ca/eng/acts/I-20.4/index.html,International Sale of Goods Contracts Convention Act
http://laws-lois.justice.gc.ca/eng/acts/I-20.6/index.html,International Transfer of Offenders Act
http://laws-lois.justice.gc.ca/eng/acts/I-20.7/index.html,Internet child pornography by persons who provide an Internet service An Act respecting the mandatory reporting of
http://laws-lois.justice.gc.ca/eng/acts/I-20.8/index.html,Internment of Persons of Ukrainian Origin Recognition Act
http://laws-lois.justice.gc.ca/eng/acts/I-21/index.html,Interpretation Act
http://laws-lois.justice.gc.ca/eng/acts/I-21.8/index.html,Investment Canada Act
http://laws-lois.justice.gc.ca/eng/acts/J-0.3/index.html,James Bay and Northern Quebec Native Claims Settlement Act
http://laws-lois.justice.gc.ca/eng/acts/J-0.7/index.html,Jobs and Economic Growth Act
http://laws-lois.justice.gc.ca/eng/acts/J-0.8/index.html,Jobs Growth and Long-term Prosperity Act
http://laws-lois.justice.gc.ca/eng/acts/J-0.9/index.html,Journey to Freedom Day Act
http://laws-lois.justice.gc.ca/eng/acts/J-1/index.html,Judges Act
http://laws-lois.justice.gc.ca/eng/acts/J-1.5/index.html,Jules and Paul-Émile Léger Foundation An Act to incorporate the
http://laws-lois.justice.gc.ca/eng/acts/J-2.5/index.html,Justice for Victims of Terrorism Act
http://laws-lois.justice.gc.ca/eng/acts/K-0.5/index.html,Kanesatake Interim Land Base Governance Act
http://laws-lois.justice.gc.ca/eng/acts/K-0.65/index.html,Kelowna Accord Implementation Act
http://laws-lois.justice.gc.ca/eng/acts/K-0.8/index.html,Kingsmere Park Act
http://laws-lois.justice.gc.ca/eng/acts/K-6.5/index.html,Korean War Veterans Day Act
http://laws-lois.justice.gc.ca/eng/acts/K-9.5/index.html,Kyoto Protocol Implementation Act [Repealed]
http://laws-lois.justice.gc.ca/eng/acts/L-1/index.html,Labour Adjustment Benefits Act
http://laws-lois.justice.gc.ca/eng/acts/L-4.3/index.html,Labrador Inuit Land Claims Agreement Act
http://laws-lois.justice.gc.ca/eng/acts/T-10.4/index.html,Lake of the Woods Control Board Act 1921 The
http://laws-lois.justice.gc.ca/eng/acts/L-5.2/index.html,Land Titles Repeal Act
http://laws-lois.justice.gc.ca/eng/acts/L-6.2/index.html,Language Skills Act
http://laws-lois.justice.gc.ca/eng/acts/L-6.5/index.html,Laurier House Act
http://laws-lois.justice.gc.ca/eng/acts/L-6.7/index.html,Law Commission of Canada Act
http://laws-lois.justice.gc.ca/eng/acts/S-20/index.html,Legislation Revision and Consolidation Act
http://laws-lois.justice.gc.ca/eng/acts/L-7.5/index.html,Legislative Instruments Re-enactment Act
http://laws-lois.justice.gc.ca/eng/acts/L-7.7/index.html,Library and Archives of Canada Act
http://laws-lois.justice.gc.ca/eng/acts/L-8/index.html,Lieutenant Governors Superannuation Act
http://laws-lois.justice.gc.ca/eng/acts/L-8.5/index.html,Lincoln Alexander Day Act
http://laws-lois.justice.gc.ca/eng/acts/L-10/index.html,Livestock Feed Assistance Act
http://laws-lois.justice.gc.ca/eng/acts/T-10.43/index.html,Loan Act 1936 The
http://laws-lois.justice.gc.ca/eng/acts/L-12.4/index.html,Lobbying Act
http://laws-lois.justice.gc.ca/eng/acts/M-0.55/index.html,Maanulth First Nations Final Agreement Act
http://laws-lois.justice.gc.ca/eng/acts/M-0.1/index.html,Mackenzie Gas Project Impacts Act [Repealed]
http://laws-lois.justice.gc.ca/eng/acts/M-0.15/index.html,Mackenzie Gas Project Impacts Fund Act
http://laws-lois.justice.gc.ca/eng/acts/M-0.2/index.html,Mackenzie Valley Resource Management Act
http://laws-lois.justice.gc.ca/eng/acts/M-0.23/index.html,Main Point of Contact with the Government of Canada in case of Death Act
http://laws-lois.justice.gc.ca/eng/acts/M-0.25/index.html,Maintenance of Ports Operations Act 1986
http://laws-lois.justice.gc.ca/eng/acts/M-0.3/index.html,Maintenance of Railway Operations Act 1995
http://laws-lois.justice.gc.ca/eng/acts/M-0.5/index.html,Manganese-based Fuel Additives Act
http://laws-lois.justice.gc.ca/eng/acts/M-0.53/index.html,Manitoba Claim Settlements Implementation Act
http://laws-lois.justice.gc.ca/eng/acts/T-10.47/index.html,Manitoba Natural Resources Act The
http://laws-lois.justice.gc.ca/eng/acts/M-0.54/index.html,Manitoba Supplementary Provisions Act
http://laws-lois.justice.gc.ca/eng/acts/M-0.58/index.html,Marine Atlantic Inc. Acquisition Authorization Act
http://laws-lois.justice.gc.ca/eng/acts/M-0.6/index.html,Marine Insurance Act
http://laws-lois.justice.gc.ca/eng/acts/M-0.7/index.html,Marine Liability Act
http://laws-lois.justice.gc.ca/eng/acts/M-0.8/index.html,Marine Transportation Security Act
http://laws-lois.justice.gc.ca/eng/acts/M-0.56/index.html,Marine War Risks Act
http://laws-lois.justice.gc.ca/eng/acts/M-1.5/index.html,Marketing Freedom for Grain Farmers Act
http://laws-lois.justice.gc.ca/eng/acts/M-2.1/index.html,Marriage (Prohibited Degrees) Act
http://laws-lois.justice.gc.ca/eng/acts/M-3.2/index.html,Meat Inspection Act
http://laws-lois.justice.gc.ca/eng/acts/M-5/index.html,Members of Parliament Retiring Allowances Act
http://laws-lois.justice.gc.ca/eng/acts/M-5.8/index.html,Merchant Navy Veterans Day Act
http://laws-lois.justice.gc.ca/eng/acts/M-6/index.html,Merchant Seamen Compensation Act
http://laws-lois.justice.gc.ca/eng/acts/M-7.6/index.html,Mi’kmaq Education Act
http://laws-lois.justice.gc.ca/eng/acts/M-7.01/index.html,Migratory Birds Convention Act 1994
http://laws-lois.justice.gc.ca/eng/acts/M-8/index.html,Ministries and Ministers of State Act
http://laws-lois.justice.gc.ca/eng/acts/Z-0.91/index.html,Miscellaneous Statute Law Amendment Act 1991
http://laws-lois.justice.gc.ca/eng/acts/M-8.6/index.html,Modernization of Benefits and Obligations Act
http://laws-lois.justice.gc.ca/eng/acts/M-9/index.html,Motor Vehicle Fuel Consumption Standards Act
http://laws-lois.justice.gc.ca/eng/acts/M-10.01/index.html,Motor Vehicle Safety Act
http://laws-lois.justice.gc.ca/eng/acts/M-12.01/index.html,Motor Vehicle Transport Act
http://laws-lois.justice.gc.ca/eng/acts/M-13.4/index.html,Museums Act
http://laws-lois.justice.gc.ca/eng/acts/M-13.6/index.html,Mutual Legal Assistance in Criminal Matters Act
http://laws-lois.justice.gc.ca/eng/acts/N-1.4/index.html,National Acadian Day Act
http://laws-lois.justice.gc.ca/eng/acts/N-2/index.html,National Anthem Act
http://laws-lois.justice.gc.ca/eng/acts/N-2.5/index.html,National Archives of Canada Act [Repealed]
http://laws-lois.justice.gc.ca/eng/acts/N-3/index.html,National Arts Centre Act
http://laws-lois.justice.gc.ca/eng/acts/N-3.4/index.html,National Battlefields at Quebec Act
http://laws-lois.justice.gc.ca/eng/acts/N-3.7/index.html,National Blood Donor Week Act
http://laws-lois.justice.gc.ca/eng/acts/N-4/index.html,National Capital Act
http://laws-lois.justice.gc.ca/eng/acts/N-4.2/index.html,National Cemetery of Canada Act
http://laws-lois.justice.gc.ca/eng/acts/N-4.6/index.html,National Day of Remembrance Act
http://laws-lois.justice.gc.ca/eng/acts/N-5/index.html,National Defence Act
http://laws-lois.justice.gc.ca/eng/acts/N-7/index.html,National Energy Board Act
http://laws-lois.justice.gc.ca/eng/acts/N-7.6/index.html,National Fiddling Day Act
http://laws-lois.justice.gc.ca/eng/acts/N-8/index.html,National Film Act
http://laws-lois.justice.gc.ca/eng/acts/N-8.6/index.html,National Flag of Canada Act
http://laws-lois.justice.gc.ca/eng/acts/N-9/index.html,National Flag of Canada Manufacturing Standards Act
http://laws-lois.justice.gc.ca/eng/acts/N-9.6/index.html,National Health and Fitness Day Act
http://laws-lois.justice.gc.ca/eng/acts/N-10.5/index.html,National Holocaust Monument Act
http://laws-lois.justice.gc.ca/eng/acts/N-10.7/index.html,National Horse of Canada Act
http://laws-lois.justice.gc.ca/eng/acts/N-11/index.html,National Housing Act
http://laws-lois.justice.gc.ca/eng/acts/N-11.5/index.html,National Hunting Trapping and Fishing Heritage Day Act
http://laws-lois.justice.gc.ca/eng/acts/N-12/index.html,National Library Act [Repealed]
http://laws-lois.justice.gc.ca/eng/acts/N-13.6/index.html,National Organ Donor Week Act
http://laws-lois.justice.gc.ca/eng/acts/N-14.2/index.html,National Peacekeepers’ Day Act
http://laws-lois.justice.gc.ca/eng/acts/N-14.3/index.html,National Philanthropy Day Act
http://laws-lois.justice.gc.ca/eng/acts/N-14.4/index.html,National Public Service Week: Serving Canadians Better Act
http://laws-lois.justice.gc.ca/eng/acts/N-15/index.html,National Research Council Act
http://laws-lois.justice.gc.ca/eng/acts/N-15.8/index.html,National Research Universal Reactor at Chalk River An Act to permit the resumption and continuation of the operation of the
http://laws-lois.justice.gc.ca/eng/acts/N-16.4/index.html,National Round Table on the Environment and the Economy Act [Repealed]
http://laws-lois.justice.gc.ca/eng/acts/N-16.7/index.html,National Sports of Canada Act
http://laws-lois.justice.gc.ca/eng/acts/N-17/index.html,National Symbol of Canada Act
http://laws-lois.justice.gc.ca/eng/acts/W-10/index.html,National Wildlife Week Act
http://laws-lois.justice.gc.ca/eng/acts/N-21/index.html,Natural Sciences and Engineering Research Council Act
http://laws-lois.justice.gc.ca/eng/acts/N-22/index.html,Navigation Protection Act
http://laws-lois.justice.gc.ca/eng/acts/N-22.4/index.html,Nelson House First Nation Flooded Land Act
http://laws-lois.justice.gc.ca/eng/acts/N-22.6/index.html,New Bridge for the St. Lawrence Act
http://laws-lois.justice.gc.ca/eng/acts/N-22.7/index.html,New Brunswick Indian Reserves Agreement Act
http://laws-lois.justice.gc.ca/eng/acts/N-23/index.html,Newfoundland and Labrador Additional Financial Assistance Act
http://laws-lois.justice.gc.ca/eng/acts/N-23.3/index.html,Nisga’a Final Agreement Act
http://laws-lois.justice.gc.ca/eng/acts/N-23.6/index.html,Non-smokers’ Health Act
http://laws-lois.justice.gc.ca/eng/acts/N-23.7/index.html,Nordion and Theratronics Divestiture Authorization Act
http://laws-lois.justice.gc.ca/eng/acts/N-23.8/index.html,North American Free Trade Agreement Implementation Act
http://laws-lois.justice.gc.ca/eng/acts/N-24.2/index.html,Northern Canada Power Commission (Share Issuance and Sale Authorization) Act
http://laws-lois.justice.gc.ca/eng/acts/N-24.5/index.html,Northern Canada Power Commission Yukon Assets Disposal Authorization Act
http://laws-lois.justice.gc.ca/eng/acts/N-26/index.html,Northern Pipeline Act
http://laws-lois.justice.gc.ca/eng/acts/N-26.3/index.html,Northern Transportation Company Limited Disposal Authorization Act
http://laws-lois.justice.gc.ca/eng/acts/N-26.5/index.html,Northumberland Strait Crossing Act
http://laws-lois.justice.gc.ca/eng/acts/N-27.05/index.html,Northwest Territories Act
http://laws-lois.justice.gc.ca/eng/acts/N-27/index.html,Northwest Territories Act [Repealed]
http://laws-lois.justice.gc.ca/eng/acts/N-27.1/index.html,Northwest Territories Surface Rights Board Act [Repealed]
http://laws-lois.justice.gc.ca/eng/acts/N-27.3/index.html,Northwest Territories Waters Act [Repealed]
http://laws-lois.justice.gc.ca/eng/acts/N-27.5/index.html,Nova Scotia and Newfoundland and Labrador Additional Fiscal Equalization Offset Payments Act
http://laws-lois.justice.gc.ca/eng/acts/A-16/index.html,Nuclear Energy Act
http://laws-lois.justice.gc.ca/eng/acts/N-27.7/index.html,Nuclear Fuel Waste Act
http://laws-lois.justice.gc.ca/eng/acts/N-28/index.html,Nuclear Liability Act
http://laws-lois.justice.gc.ca/eng/acts/N-28.1/index.html,Nuclear Liability and Compensation Act [Not in force]
http://laws-lois.justice.gc.ca/eng/acts/N-28.3/index.html,Nuclear Safety and Control Act
http://laws-lois.justice.gc.ca/eng/acts/N-28.5/index.html,Nunavik Inuit Land Claims Agreement Act
http://laws-lois.justice.gc.ca/eng/acts/N-28.6/index.html,Nunavut Act
http://laws-lois.justice.gc.ca/eng/acts/N-28.7/index.html,Nunavut Land Claims Agreement Act
http://laws-lois.justice.gc.ca/eng/acts/N-28.75/index.html,Nunavut Planning and Project Assessment Act
http://laws-lois.justice.gc.ca/eng/acts/N-28.8/index.html,Nunavut Waters and Nunavut Surface Rights Tribunal Act
http://laws-lois.justice.gc.ca/eng/acts/O-1/index.html,Oaths of Allegiance Act
http://laws-lois.justice.gc.ca/eng/acts/O-2.4/index.html,Oceans Act
http://laws-lois.justice.gc.ca/eng/acts/O-2.6/index.html,Office of Port Warden for the Harbour of Montreal An Act to amend and consolidate the Acts relating to the
http://laws-lois.justice.gc.ca/eng/acts/O-2.7/index.html,Office of the Superintendent of Financial Institutions Act
http://laws-lois.justice.gc.ca/eng/acts/O-2.8/index.html,Official Development Assistance Accountability Act
http://laws-lois.justice.gc.ca/eng/acts/O-3.01/index.html,Official Languages Act
http://laws-lois.justice.gc.ca/eng/acts/O-4/index.html,Official Residences Act
http://laws-lois.justice.gc.ca/eng/acts/O-8/index.html,Oil Substitution and Conservation Act
http://laws-lois.justice.gc.ca/eng/acts/O-9/index.html,Old Age Security Act
http://laws-lois.justice.gc.ca/eng/acts/O-9.1/index.html,Olympic (1976) Act
http://laws-lois.justice.gc.ca/eng/acts/O-9.2/index.html,Olympic and Paralympic Marks Act
http://laws-lois.justice.gc.ca/eng/acts/O-9.4/index.html,Ordnance and Admiralty Lands Act
http://laws-lois.justice.gc.ca/eng/acts/P-0.4/index.html,Parks Canada Agency Act
http://laws-lois.justice.gc.ca/eng/acts/P-1/index.html,Parliament of Canada Act
http://laws-lois.justice.gc.ca/eng/acts/P-1.3/index.html,Parliamentary Employment and Staff Relations Act
http://laws-lois.justice.gc.ca/eng/acts/P-4/index.html,Patent Act
http://laws-lois.justice.gc.ca/eng/acts/P-4.3/index.html,Payment Card Networks Act
http://laws-lois.justice.gc.ca/eng/acts/P-4.4/index.html,Payment Clearing and Settlement Act
http://laws-lois.justice.gc.ca/eng/acts/M-13/index.html,Payments in Lieu of Taxes Act
http://laws-lois.justice.gc.ca/eng/acts/P-4.6/index.html,Payments to a trust established to provide provinces and territories with funding for community development An Act respecting
http://laws-lois.justice.gc.ca/eng/acts/P-6/index.html,Pension Act
http://laws-lois.justice.gc.ca/eng/acts/P-6.7/index.html,Pension Benefits Division Act
http://laws-lois.justice.gc.ca/eng/acts/P-7.01/index.html,Pension Benefits Standards Act 1985
http://laws-lois.justice.gc.ca/eng/acts/P-8/index.html,Pension Fund Societies Act
http://laws-lois.justice.gc.ca/eng/acts/P-8.3/index.html,Perfluorooctane Sulfonate Virtual Elimination Act
http://laws-lois.justice.gc.ca/eng/acts/P-8.6/index.html,Personal Information Protection and Electronic Documents Act
http://laws-lois.justice.gc.ca/eng/acts/P-9.01/index.html,Pest Control Products Act
http://laws-lois.justice.gc.ca/eng/acts/P-9/index.html,Pest Control Products Act [Repealed]
http://laws-lois.justice.gc.ca/eng/acts/P-10/index.html,Pesticide Residue Compensation Act
http://laws-lois.justice.gc.ca/eng/acts/P-11.1/index.html,Petro-Canada Public Participation Act
http://laws-lois.justice.gc.ca/eng/acts/P-12/index.html,Petroleum and Gas Revenue Tax Act
http://laws-lois.justice.gc.ca/eng/acts/P-13.4/index.html,Physical Activity and Sport Act
http://laws-lois.justice.gc.ca/eng/acts/P-13.6/index.html,Pictou Landing Indian Band Agreement Act
http://laws-lois.justice.gc.ca/eng/acts/P-14/index.html,Pilotage Act
http://laws-lois.justice.gc.ca/eng/acts/P-14.2/index.html,Pioneer Trust Payment Continuation Act
http://laws-lois.justice.gc.ca/eng/acts/P-14.6/index.html,Plant Breeders’ Rights Act
http://laws-lois.justice.gc.ca/eng/acts/P-14.8/index.html,Plant Protection Act
http://laws-lois.justice.gc.ca/eng/acts/P-15.3/index.html,Pooled Registered Pension Plans Act
http://laws-lois.justice.gc.ca/eng/acts/P-15.4/index.html,Pope John Paul II Day Act
http://laws-lois.justice.gc.ca/eng/acts/P-15.5/index.html,Postal rates An Act respecting certain
http://laws-lois.justice.gc.ca/eng/acts/P-15.6/index.html,Postal Services Continuation Act 1987
http://laws-lois.justice.gc.ca/eng/acts/P-15.7/index.html,Postal Services Continuation Act 1991
http://laws-lois.justice.gc.ca/eng/acts/P-15.8/index.html,Postal Services Continuation Act 1997
http://laws-lois.justice.gc.ca/eng/acts/P-16/index.html,Postal Services Interruption Relief Act
http://laws-lois.justice.gc.ca/eng/acts/P-17/index.html,Prairie Farm Rehabilitation Act
http://laws-lois.justice.gc.ca/eng/acts/P-18/index.html,Prairie Grain Advance Payments Act [Repealed]
http://laws-lois.justice.gc.ca/eng/acts/P-19/index.html,Precious Metals Marking Act
http://laws-lois.justice.gc.ca/eng/acts/P-19.3/index.html,Preclearance Act
http://laws-lois.justice.gc.ca/eng/acts/P-19.45/index.html,Prevention of Terrorist Travel Act
http://laws-lois.justice.gc.ca/eng/acts/P-19.6/index.html,Prince Rupert Grain Handling Operations Act
http://laws-lois.justice.gc.ca/eng/acts/P-20/index.html,Prisons and Reformatories Act
http://laws-lois.justice.gc.ca/eng/acts/P-21/index.html,Privacy Act
http://laws-lois.justice.gc.ca/eng/acts/P-24/index.html,Privileges and Immunities (North Atlantic Treaty Organisation) Act
http://laws-lois.justice.gc.ca/eng/acts/P-24.501/index.html,Proceeds of Crime (Money Laundering) and Terrorist Financing Act
http://laws-lois.justice.gc.ca/eng/acts/P-24.8/index.html,Prohibiting Cluster Munitions Act
http://laws-lois.justice.gc.ca/eng/acts/P-25/index.html,Prohibition of International Air Services Act
http://laws-lois.justice.gc.ca/eng/acts/P-25.6/index.html,Protecting Air Service Act
http://laws-lois.justice.gc.ca/eng/acts/P-25.7/index.html,Protection of Residential Mortgage or Hypothecary Insurance Act
http://laws-lois.justice.gc.ca/eng/acts/P-26/index.html,Provincial Subsidies Act
http://laws-lois.justice.gc.ca/eng/acts/P-28/index.html,Public Documents Act
http://laws-lois.justice.gc.ca/eng/acts/P-29.5/index.html,Public Health Agency of Canada Act
http://laws-lois.justice.gc.ca/eng/acts/P-31/index.html,Public Officers Act
http://laws-lois.justice.gc.ca/eng/acts/P-31.4/index.html,Public Pensions Reporting Act
http://laws-lois.justice.gc.ca/eng/acts/P-31.5/index.html,Public Safety Act 2002
http://laws-lois.justice.gc.ca/eng/acts/P-31.6/index.html,Public Sector Compensation Act
http://laws-lois.justice.gc.ca/eng/acts/P-31.65/index.html,Public Sector Equitable Compensation Act [Not in force]
http://laws-lois.justice.gc.ca/eng/acts/P-31.7/index.html,Public Sector Pension Investment Board Act
http://laws-lois.justice.gc.ca/eng/acts/P-31.8/index.html,Public Sector Pension Reform
http://laws-lois.justice.gc.ca/eng/acts/P-31.9/index.html,Public Servants Disclosure Protection Act
http://laws-lois.justice.gc.ca/eng/acts/P-32/index.html,Public Servants Inventions Act
http://laws-lois.justice.gc.ca/eng/acts/P-33.01/index.html,Public Service Employment Act
http://laws-lois.justice.gc.ca/eng/acts/P-33/index.html,Public Service Employment Act [Repealed]
http://laws-lois.justice.gc.ca/eng/acts/P-33.3/index.html,Public Service Labour Relations Act
http://laws-lois.justice.gc.ca/eng/acts/P-33.35/index.html,Public Service Labour Relations and Employment Board Act
http://laws-lois.justice.gc.ca/eng/acts/P-33.4/index.html,Public Service Modernization Act
http://laws-lois.justice.gc.ca/eng/acts/P-33.6/index.html,Public Service Pension Adjustment Act
http://laws-lois.justice.gc.ca/eng/acts/P-34/index.html,Public Service Rearrangement and Transfer of Duties Act
http://laws-lois.justice.gc.ca/eng/acts/P-35/index.html,Public Service Staff Relations Act [Repealed]
http://laws-lois.justice.gc.ca/eng/acts/P-36/index.html,Public Service Superannuation Act
http://laws-lois.justice.gc.ca/eng/acts/S-21/index.html,Publication of Statutes Act
http://laws-lois.justice.gc.ca/eng/acts/P-38.8/index.html,Purple Day Act
http://laws-lois.justice.gc.ca/eng/acts/Q-0.5/index.html,Qalipu Mi’kmaq First Nation Act
http://laws-lois.justice.gc.ca/eng/acts/Q-1.1/index.html,Quarantine Act
http://laws-lois.justice.gc.ca/eng/acts/Q-1/index.html,Quarantine Act [Repealed]
http://laws-lois.justice.gc.ca/eng/acts/Q-1.7/index.html,Quebec Harbor Port Warden Act
http://laws-lois.justice.gc.ca/eng/acts/Q-1.8/index.html,Queen Elizabeth II Canadian Research Fund Act
http://laws-lois.justice.gc.ca/eng/acts/R-1/index.html,Radiation Emitting Devices Act
http://laws-lois.justice.gc.ca/eng/acts/R-2/index.html,Radiocommunication Act
http://laws-lois.justice.gc.ca/eng/acts/R-3.2/index.html,Railway Belt Act
http://laws-lois.justice.gc.ca/eng/acts/T-10.48/index.html,Railway Belt and Peace River Block Act The
http://laws-lois.justice.gc.ca/eng/acts/R-3.3/index.html,Railway Continuation Act 2007
http://laws-lois.justice.gc.ca/eng/acts/R-4/index.html,Railway Relocation and Crossing Act
http://laws-lois.justice.gc.ca/eng/acts/R-4.2/index.html,Railway Safety Act
http://laws-lois.justice.gc.ca/eng/acts/R-4.5/index.html,Red Tape Reduction Act
http://laws-lois.justice.gc.ca/eng/acts/R-4.7/index.html,Referendum Act
http://laws-lois.justice.gc.ca/eng/acts/R-4.9/index.html,Regional Development Incentives Act
http://laws-lois.justice.gc.ca/eng/acts/R-5.3/index.html,Regulations made pursuant to section 4 of the Aeronautics Act An Act respecting
http://laws-lois.justice.gc.ca/eng/acts/R-5.4/index.html,Remote Sensing Space Systems Act
http://laws-lois.justice.gc.ca/eng/acts/R-5.5/index.html,Representation Act 1974
http://laws-lois.justice.gc.ca/eng/acts/R-5.6/index.html,Representation Act 1985
http://laws-lois.justice.gc.ca/eng/acts/R-7/index.html,Resources and Technical Surveys Act
http://laws-lois.justice.gc.ca/eng/acts/R-7.2/index.html,Restoring Mail Delivery for Canadians Act
http://laws-lois.justice.gc.ca/eng/acts/R-7.3/index.html,Restoring Rail Service Act
http://laws-lois.justice.gc.ca/eng/acts/R-7.4/index.html,Returned Soldiers’ Insurance Act
http://laws-lois.justice.gc.ca/eng/acts/R-7.7/index.html,Revised Statutes of Canada 1985 Act
http://laws-lois.justice.gc.ca/eng/acts/R-8/index.html,Revolving Funds Act
http://laws-lois.justice.gc.ca/eng/acts/R-8.2/index.html,Riding Name Change Act 2014
http://laws-lois.justice.gc.ca/eng/acts/R-8.5/index.html,Roosevelt Campobello International Park Commission Act
http://laws-lois.justice.gc.ca/eng/acts/R-8.55/index.html,Rouge National Urban Park Act
http://laws-lois.justice.gc.ca/eng/acts/R-8.6/index.html,Royal Assent Act
http://laws-lois.justice.gc.ca/eng/acts/R-9/index.html,Royal Canadian Mint Act
http://laws-lois.justice.gc.ca/eng/acts/R-10/index.html,Royal Canadian Mounted Police Act
http://laws-lois.justice.gc.ca/eng/acts/R-10.6/index.html,Royal Canadian Mounted Police Pension Continuation Act
http://laws-lois.justice.gc.ca/eng/acts/R-11/index.html,Royal Canadian Mounted Police Superannuation Act
http://laws-lois.justice.gc.ca/eng/acts/R-12/index.html,Royal Style and Titles Act
http://laws-lois.justice.gc.ca/eng/acts/S-1/index.html,Safe Containers Convention Act
http://laws-lois.justice.gc.ca/eng/acts/S-1.04/index.html,Safe Drinking Water for First Nations Act
http://laws-lois.justice.gc.ca/eng/acts/S-1.1/index.html,Safe Food for Canadians Act
http://laws-lois.justice.gc.ca/eng/acts/S-1.3/index.html,Saguenay-St. Lawrence Marine Park Act
http://laws-lois.justice.gc.ca/eng/acts/S-1.5/index.html,Sahtu Dene and Metis Land Claim Settlement Act
http://laws-lois.justice.gc.ca/eng/acts/S-3/index.html,Salaries Act
http://laws-lois.justice.gc.ca/eng/acts/T-10.49/index.html,Saskatchewan Natural Resources Act The
http://laws-lois.justice.gc.ca/eng/acts/T-10.5/index.html,Saskatchewan Natural Resources Acts The
http://laws-lois.justice.gc.ca/eng/acts/S-4.3/index.html,Saskatchewan Treaty Land Entitlement Act
http://laws-lois.justice.gc.ca/eng/acts/S-6/index.html,Seals Act
http://laws-lois.justice.gc.ca/eng/acts/S-6.6/index.html,Sechelt Indian Band Self-Government Act
http://laws-lois.justice.gc.ca/eng/acts/S-6.7/index.html,Secure Air Travel Act
http://laws-lois.justice.gc.ca/eng/acts/S-6.9/index.html,Security of Canada Information Sharing Act
http://laws-lois.justice.gc.ca/eng/acts/O-5/index.html,Security of Information Act
http://laws-lois.justice.gc.ca/eng/acts/S-7/index.html,Security Offences Act
http://laws-lois.justice.gc.ca/eng/acts/S-8/index.html,Seeds Act
http://laws-lois.justice.gc.ca/eng/acts/S-8.3/index.html,Seized Property Management Act
http://laws-lois.justice.gc.ca/eng/acts/S-8.5/index.html,Settlement of International Investment Disputes Act
http://laws-lois.justice.gc.ca/eng/acts/S-8.7/index.html,Sex Offender Information Registration Act
http://laws-lois.justice.gc.ca/eng/acts/S-8.9/index.html,Shared Services Canada Act
http://laws-lois.justice.gc.ca/eng/acts/S-10.01/index.html,Shipping Conferences Exemption Act 1987
http://laws-lois.justice.gc.ca/eng/acts/S-10.2/index.html,Sioux Valley Dakota Nation Governance Act
http://laws-lois.justice.gc.ca/eng/acts/S-10.4/index.html,Sir John A. Macdonald Day and the Sir Wilfrid Laurier Day Act
http://laws-lois.justice.gc.ca/eng/acts/S-10.9/index.html,Small Business Investment Grants Act
http://laws-lois.justice.gc.ca/eng/acts/S-12/index.html,Social Sciences and Humanities Research Council Act
http://laws-lois.justice.gc.ca/eng/acts/S-12.55/index.html,Softwood Lumber Products Export Charge Act 2006
http://laws-lois.justice.gc.ca/eng/acts/S-12.8/index.html,Soldier Settlement Act
http://laws-lois.justice.gc.ca/eng/acts/S-13.5/index.html,Songhees Indian Reserve Act
http://laws-lois.justice.gc.ca/eng/acts/S-14/index.html,Special Areas Act
http://laws-lois.justice.gc.ca/eng/acts/S-14.3/index.html,Special Committee on the Defence of Canada Regulations An Act to grant access to records of the
http://laws-lois.justice.gc.ca/eng/acts/S-14.5/index.html,Special Economic Measures Act
http://laws-lois.justice.gc.ca/eng/acts/S-15/index.html,Special Import Measures Act
http://laws-lois.justice.gc.ca/eng/acts/S-15.2/index.html,Special Retirement Arrangements Act
http://laws-lois.justice.gc.ca/eng/acts/S-15.3/index.html,Species at Risk Act
http://laws-lois.justice.gc.ca/eng/acts/S-15.34/index.html,Specific Claims Resolution Act [Repealed]
http://laws-lois.justice.gc.ca/eng/acts/S-15.36/index.html,Specific Claims Tribunal Act
http://laws-lois.justice.gc.ca/eng/acts/S-15.4/index.html,Spending Control Act
http://laws-lois.justice.gc.ca/eng/acts/S-15.6/index.html,Spirit Drinks Trade Act
http://laws-lois.justice.gc.ca/eng/acts/S-15.7/index.html,Split Lake Cree First Nation Flooded Land Act
http://laws-lois.justice.gc.ca/eng/acts/S-15.8/index.html,Sports Pool and Loto Canada Winding-Up Act
http://laws-lois.justice.gc.ca/eng/acts/S-2.5/index.html,St. Peter’s Reserve Act
http://laws-lois.justice.gc.ca/eng/acts/S-2.6/index.html,St. Regis Islands Act
http://laws-lois.justice.gc.ca/eng/acts/S-16/index.html,Standards Council of Canada Act
http://laws-lois.justice.gc.ca/eng/acts/S-18/index.html,State Immunity Act
http://laws-lois.justice.gc.ca/eng/acts/S-19/index.html,Statistics Act
http://laws-lois.justice.gc.ca/eng/acts/S-19.6/index.html,Status of the Artist Act
http://laws-lois.justice.gc.ca/eng/acts/S-21.5/index.html,Statutes Repeal Act
http://laws-lois.justice.gc.ca/eng/acts/S-22/index.html,Statutory Instruments Act
http://laws-lois.justice.gc.ca/eng/acts/S-23.5/index.html,Succession to the Throne Act 2013
http://laws-lois.justice.gc.ca/eng/acts/S-23.7/index.html,Supplementary Fiscal Equalization Payments 1982-87 Act
http://laws-lois.justice.gc.ca/eng/acts/S-24/index.html,Supplementary Retirement Benefits Act
http://laws-lois.justice.gc.ca/eng/acts/S-25.5/index.html,Supporting Vulnerable Seniors and Strengthening Canada’s Economy Act
http://laws-lois.justice.gc.ca/eng/acts/S-26/index.html,Supreme Court Act
http://laws-lois.justice.gc.ca/eng/acts/S-27/index.html,Surplus Crown Assets Act
http://laws-lois.justice.gc.ca/eng/acts/T-1.5/index.html,Tax Conventions Implementation Act 2002
http://laws-lois.justice.gc.ca/eng/acts/T-1.6/index.html,Tax Conventions Implementation Act 2004
http://laws-lois.justice.gc.ca/eng/acts/T-1.7/index.html,Tax Conventions Implementation Act 2013
http://laws-lois.justice.gc.ca/eng/acts/T-2/index.html,Tax Court of Canada Act
http://laws-lois.justice.gc.ca/eng/acts/T-3/index.html,Tax Rebate Discounting Act
http://laws-lois.justice.gc.ca/eng/acts/T-1.3/index.html,Tax-back Guarantee Act
http://laws-lois.justice.gc.ca/eng/acts/T-3.4/index.html,Telecommunications Act
http://laws-lois.justice.gc.ca/eng/acts/C-16/index.html,Telefilm Canada Act
http://laws-lois.justice.gc.ca/eng/acts/T-4.2/index.html,Teleglobe Canada Reorganization and Divestiture Act
http://laws-lois.justice.gc.ca/eng/acts/T-6.1/index.html,Telesat Canada Reorganization and Divestiture Act
http://laws-lois.justice.gc.ca/eng/acts/T-7/index.html,Territorial Lands Act
http://laws-lois.justice.gc.ca/eng/acts/T-10/index.html,Textile Labelling Act
http://laws-lois.justice.gc.ca/eng/acts/T-10.6/index.html,Thunder Bay Grain Handling Operations Act
http://laws-lois.justice.gc.ca/eng/acts/T-11/index.html,Timber Marking Act
http://laws-lois.justice.gc.ca/eng/acts/T-11.2/index.html,Tla’amin Final Agreement Act
http://laws-lois.justice.gc.ca/eng/acts/T-11.3/index.html,Tlicho Land Claims and Self-Government Act
http://laws-lois.justice.gc.ca/eng/acts/T-11.5/index.html,Tobacco Act
http://laws-lois.justice.gc.ca/eng/acts/T-14/index.html,Trade Unions Act
http://laws-lois.justice.gc.ca/eng/acts/T-13/index.html,Trade-marks Act
http://laws-lois.justice.gc.ca/eng/acts/T-15/index.html,Transfer of Offenders Act [Repealed]
http://laws-lois.justice.gc.ca/eng/acts/T-16/index.html,Translation Bureau Act
http://laws-lois.justice.gc.ca/eng/acts/T-18.5/index.html,Transportation Appeal Tribunal of Canada Act
http://laws-lois.justice.gc.ca/eng/acts/T-19.01/index.html,Transportation of Dangerous Goods Act 1992
http://laws-lois.justice.gc.ca/eng/acts/Z-041/index.html,Treaties of Peace (Italy Romania Hungary and Finland) Act 1948
http://laws-lois.justice.gc.ca/eng/acts/T-19.8/index.html,Trust and Loan Companies Act
http://laws-lois.justice.gc.ca/eng/acts/T-21.5/index.html,Tsawwassen First Nation Final Agreement Act
http://laws-lois.justice.gc.ca/eng/acts/U-0.4/index.html,Ukrainian Famine and Genocide (“Holodomor”) Memorial Day Act
http://laws-lois.justice.gc.ca/eng/acts/U-0.6/index.html,Unemployment Assistance Act
http://laws-lois.justice.gc.ca/eng/acts/U-1.5/index.html,Unemployment Insurance Benefit Entitlement Adjustments (Pension Payments) Act
http://laws-lois.justice.gc.ca/eng/acts/U-2/index.html,United Nations Act
http://laws-lois.justice.gc.ca/eng/acts/U-2.4/index.html,United Nations Foreign Arbitral Awards Convention Act
http://laws-lois.justice.gc.ca/eng/acts/U-3/index.html,United States Wreckers Act
http://laws-lois.justice.gc.ca/eng/acts/U-3.2/index.html,Universal Child Care Benefit Act
http://laws-lois.justice.gc.ca/eng/acts/U-3.7/index.html,User Fees Act
http://laws-lois.justice.gc.ca/eng/acts/V-1.3/index.html,Veterans Benefit Act
http://laws-lois.justice.gc.ca/eng/acts/V-1.4/index.html,Veterans Insurance Act
http://laws-lois.justice.gc.ca/eng/acts/V-1.6/index.html,Veterans Review and Appeal Board Act
http://laws-lois.justice.gc.ca/eng/acts/V-1.5/index.html,Veterans’ Land Act
http://laws-lois.justice.gc.ca/eng/acts/V-1.8/index.html,Vimy Ridge Day Act
http://laws-lois.justice.gc.ca/eng/acts/V-2/index.html,Visiting Forces Act
http://laws-lois.justice.gc.ca/eng/acts/V-3/index.html,Vocational Rehabilitation of Disabled Persons Act [Repealed]
http://laws-lois.justice.gc.ca/eng/acts/W-0.8/index.html,Wage Earner Protection Program Act
http://laws-lois.justice.gc.ca/eng/acts/W-1/index.html,Wages Liability Act
http://laws-lois.justice.gc.ca/eng/acts/W-2.5/index.html,War Service Grants Act
http://laws-lois.justice.gc.ca/eng/acts/W-3/index.html,War Veterans Allowance Act
http://laws-lois.justice.gc.ca/eng/acts/W-5/index.html,Weather Modification Information Act
http://laws-lois.justice.gc.ca/eng/acts/W-6/index.html,Weights and Measures Act
http://laws-lois.justice.gc.ca/eng/acts/W-6.4/index.html,West Coast Ports Operations Act 1994
http://laws-lois.justice.gc.ca/eng/acts/W-6.5/index.html,West Coast Ports Operations Act 1995
http://laws-lois.justice.gc.ca/eng/acts/W-6.2/index.html,Westbank First Nation Self-Government Act
http://laws-lois.justice.gc.ca/eng/acts/W-6.7/index.html,Western Arctic (Inuvialuit) Claims Settlement Act
http://laws-lois.justice.gc.ca/eng/acts/W-6.75/index.html,Western Canada Telephone Company An Act to repeal An Act to incorporate the
http://laws-lois.justice.gc.ca/eng/acts/W-6.8/index.html,Western Economic Diversification Act
http://laws-lois.justice.gc.ca/eng/acts/W-7.8/index.html,Western Grain Transition Payments Act
http://laws-lois.justice.gc.ca/eng/acts/W-8.5/index.html,Wild Animal and Plant Protection and Regulation of International and Interprovincial Trade Act
http://laws-lois.justice.gc.ca/eng/acts/W-11/index.html,Winding-up and Restructuring Act
http://laws-lois.justice.gc.ca/eng/acts/W-11.2/index.html,Witness Protection Program Act
http://laws-lois.justice.gc.ca/eng/acts/W-11.4/index.html,Women’s Royal Naval Services and the South African Military Nursing Service (Benefits) Act
http://laws-lois.justice.gc.ca/eng/acts/W-11.5/index.html,Workers Mourning Day Act
http://laws-lois.justice.gc.ca/eng/acts/O-9.5/index.html,Works on the Ottawa River An Act respecting certain
http://laws-lois.justice.gc.ca/eng/acts/W-11.6/index.html,World Autism Awareness Day Act
http://laws-lois.justice.gc.ca/eng/acts/W-11.8/index.html,World Trade Organization Agreement Implementation Act
http://laws-lois.justice.gc.ca/eng/acts/Y-0.2/index.html,Yale First Nation Final Agreement Act
http://laws-lois.justice.gc.ca/eng/acts/Y-0.6/index.html,York Factory First Nation Flooded Land Act
http://laws-lois.justice.gc.ca/eng/acts/Y-1/index.html,Young Offenders Act [Repealed]
http://laws-lois.justice.gc.ca/eng/acts/Y-1.5/index.html,Youth Criminal Justice Act
http://laws-lois.justice.gc.ca/eng/acts/Y-2.01/index.html,Yukon Act
http://laws-lois.justice.gc.ca/eng/acts/Y-2/index.html,Yukon Act [Repealed]
http://laws-lois.justice.gc.ca/eng/acts/Y-2.2/index.html,Yukon Environmental and Socio-economic Assessment Act
http://laws-lois.justice.gc.ca/eng/acts/Y-2.3/index.html,Yukon First Nations Land Claims Settlement Act
http://laws-lois.justice.gc.ca/eng/acts/Y-2.6/index.html,Yukon First Nations Self-Government Act
http://laws-lois.justice.gc.ca/eng/acts/Y-3/index.html,Yukon Placer Mining Act [Repealed]
http://laws-lois.justice.gc.ca/eng/acts/Y-4/index.html,Yukon Quartz Mining Act [Repealed]
http://laws-lois.justice.gc.ca/eng/acts/Y-4.3/index.html,Yukon Surface Rights Board Act
http://laws-lois.justice.gc.ca/eng/acts/Y-4.6/index.html,Yukon Waters Act [Repealed]